{
  "exposure": 0.0006272401433691756,
  "max_drawdown": -0.05407933782497554,
  "profit_factor": 1.2351365182638359,
  "raw_metrics": {
    "cagr": 0.034234910540521746,
    "cumulative_return": 0.0028629854823791767,
    "gain_pain_ratio": 1.2351365182638492,
    "kelly_criterion": -0.7512520343061151,
    "max_consecutive_losing_days": 1,
    "max_daily_drawdown": -0.05407933782497554,
    "max_drawdown": -0.05407933782497554,
    "smart_sharpe": 0.4996199986441817,
    "smart_sortino": 0.0,
    "tail_ratio": Infinity,
    "time_in_market": 0.0006272401433691756
  },
  "sharpe": 0.4996199986441817,
  "total_return": 0.0028629854823791767,
  "trade_count": 2.0,
  "win_rate": 0.5
}