{
  "exposure": 0.00038082437275985666,
  "max_drawdown": -0.05407933782497554,
  "profit_factor": 0.0,
  "raw_metrics": {
    "cagr": -0.14354234933270127,
    "cumulative_return": -0.013073664172001731,
    "gain_pain_ratio": 0.0,
    "kelly_criterion": 0.0,
    "max_consecutive_losing_days": 1,
    "max_daily_drawdown": -0.05407933782497554,
    "max_drawdown": -0.05407933782497554,
    "smart_sharpe": -3.4313544772271922,
    "smart_sortino": 0.0,
    "tail_ratio": Infinity,
    "time_in_market": 0.00038082437275985666
  },
  "sharpe": -3.4313544772271922,
  "total_return": -0.013073664172001731,
  "trade_count": 1.0,
  "win_rate": 0.0
}