{
  "exposure": 0.013106071720665347,
  "max_drawdown": -0.1382201501431032,
  "profit_factor": 1.2517445381718773,
  "raw_metrics": {
    "cagr": 0.09687359911837867,
    "cumulative_return": 0.24238608319850918,
    "gain_pain_ratio": 1.4874828927577843,
    "kelly_criterion": -0.8650590362260395,
    "max_consecutive_losing_days": 4,
    "max_daily_drawdown": -0.09127328470897425,
    "max_drawdown": -0.1382201501431032,
    "smart_sharpe": 1.2713760666351042,
    "smart_sortino": 0.7052499522846372,
    "tail_ratio": 1.5745511727705068,
    "time_in_market": 0.013106071720665347
  },
  "sharpe": 1.2713760666351042,
  "total_return": 0.24238608319850918,
  "trade_count": 1170.0,
  "win_rate": 0.7042735042735043
}