{
  "baseline_result": {
    "artifact_paths": {
      "segments_root": ""
    },
    "backtest_result": {
      "generated_at": null,
      "rows": 1233703,
      "segments": [
        {
          "fold": null,
          "metrics": {
            "exposure": 0.2495843813300284,
            "max_drawdown": -0.18256442792568167,
            "profit_factor": 1.1592348797743446,
            "raw_metrics": {
              "cagr": 1.7203875614545923,
              "cumulative_return": 9.475546286703304,
              "gain_pain_ratio": 1.7968287436243855,
              "kelly_criterion": 0.28408599748323166,
              "max_consecutive_losing_days": 8,
              "max_daily_drawdown": -0.12494032156156289,
              "max_drawdown": -0.18256442792568167,
              "smart_sharpe": 4.0436430451311285,
              "smart_sortino": 4.926229836633838,
              "tail_ratio": 1.1330234494410898,
              "time_in_market": 0.2495843813300284
            },
            "sharpe": 4.0436430451311285,
            "total_return": 9.475546286703304,
            "trade_count": 21463.0,
            "win_rate": 0.6793551693612263
          },
          "name": "full",
          "role": "test",
          "rows": 1233703
        }
      ],
      "trade_count": 21463
    },
    "metrics": {
      "exposure": 0.2495843813300284,
      "max_drawdown": -0.18256442792568167,
      "profit_factor": 1.1592348797743446,
      "raw_metrics": {
        "segments": [
          {
            "exposure": 0.2495843813300284,
            "max_drawdown": -0.18256442792568167,
            "profit_factor": 1.1592348797743446,
            "raw_metrics": {
              "cagr": 1.7203875614545923,
              "cumulative_return": 9.475546286703304,
              "gain_pain_ratio": 1.7968287436243855,
              "kelly_criterion": 0.28408599748323166,
              "max_consecutive_losing_days": 8,
              "max_daily_drawdown": -0.12494032156156289,
              "max_drawdown": -0.18256442792568167,
              "smart_sharpe": 4.0436430451311285,
              "smart_sortino": 4.926229836633838,
              "tail_ratio": 1.1330234494410898,
              "time_in_market": 0.2495843813300284
            },
            "sharpe": 4.0436430451311285,
            "total_return": 9.475546286703304,
            "trade_count": 21463.0,
            "win_rate": 0.6793551693612263
          }
        ]
      },
      "sharpe": 4.0436430451311285,
      "total_return": 9.475546286703304,
      "trade_count": 21463.0,
      "win_rate": 0.6793551693612263
    },
    "mode": "baseline",
    "params": {
      "basis_zscore_threshold": 1.5,
      "exit_on_rsi_midline": true,
      "exit_rsi_midline": 50.0,
      "funding_zscore_threshold": 2.0,
      "max_spread_bps": null,
      "price_extension_threshold": 0.02,
      "require_basis_confirmation": false,
      "require_momentum_turn": false,
      "require_price_extension": false,
      "rsi_overbought": 70.0,
      "rsi_oversold": 30.0,
      "use_context_filters": false
    },
    "strategy_name": "funding_exhaustion_reversal"
  },
  "context_result": {
    "artifact_paths": {
      "segments_root": ""
    },
    "backtest_result": {
      "generated_at": null,
      "rows": 1233703,
      "segments": [
        {
          "fold": null,
          "metrics": {
            "exposure": 0.013106071720665347,
            "max_drawdown": -0.1382201501431032,
            "profit_factor": 1.2517445381718773,
            "raw_metrics": {
              "cagr": 0.09687359911837867,
              "cumulative_return": 0.24238608319850918,
              "gain_pain_ratio": 1.4874828927577843,
              "kelly_criterion": -0.8650590362260395,
              "max_consecutive_losing_days": 4,
              "max_daily_drawdown": -0.09127328470897425,
              "max_drawdown": -0.1382201501431032,
              "smart_sharpe": 1.2713760666351042,
              "smart_sortino": 0.7052499522846372,
              "tail_ratio": 1.5745511727705068,
              "time_in_market": 0.013106071720665347
            },
            "sharpe": 1.2713760666351042,
            "total_return": 0.24238608319850918,
            "trade_count": 1170.0,
            "win_rate": 0.7042735042735043
          },
          "name": "full",
          "role": "test",
          "rows": 1233703
        }
      ],
      "trade_count": 1170
    },
    "metrics": {
      "exposure": 0.013106071720665347,
      "max_drawdown": -0.1382201501431032,
      "profit_factor": 1.2517445381718773,
      "raw_metrics": {
        "segments": [
          {
            "exposure": 0.013106071720665347,
            "max_drawdown": -0.1382201501431032,
            "profit_factor": 1.2517445381718773,
            "raw_metrics": {
              "cagr": 0.09687359911837867,
              "cumulative_return": 0.24238608319850918,
              "gain_pain_ratio": 1.4874828927577843,
              "kelly_criterion": -0.8650590362260395,
              "max_consecutive_losing_days": 4,
              "max_daily_drawdown": -0.09127328470897425,
              "max_drawdown": -0.1382201501431032,
              "smart_sharpe": 1.2713760666351042,
              "smart_sortino": 0.7052499522846372,
              "tail_ratio": 1.5745511727705068,
              "time_in_market": 0.013106071720665347
            },
            "sharpe": 1.2713760666351042,
            "total_return": 0.24238608319850918,
            "trade_count": 1170.0,
            "win_rate": 0.7042735042735043
          }
        ]
      },
      "sharpe": 1.2713760666351042,
      "total_return": 0.24238608319850918,
      "trade_count": 1170.0,
      "win_rate": 0.7042735042735043
    },
    "mode": "context",
    "params": {
      "basis_zscore_threshold": 1.5,
      "exit_on_rsi_midline": true,
      "exit_rsi_midline": 50.0,
      "funding_zscore_threshold": 1.5,
      "max_spread_bps": null,
      "price_extension_threshold": 0.02,
      "require_basis_confirmation": false,
      "require_momentum_turn": false,
      "require_price_extension": false,
      "rsi_overbought": 70.0,
      "rsi_oversold": 30.0,
      "use_context_filters": true
    },
    "strategy_name": "funding_exhaustion_reversal"
  },
  "metric_deltas": {
    "exposure": -0.23647830960936303,
    "max_drawdown": 0.04434427778257846,
    "profit_factor": 0.09250965839753267,
    "sharpe": -2.7722669784960243,
    "total_return": -9.233160203504795,
    "trade_count": -20293.0,
    "win_rate": 0.024918334912278017
  },
  "strategy_name": "funding_exhaustion_reversal",
  "verdict": "reject",
  "warnings": []
}